{"version": "1", "message": "ERROR: Hidden Testcases server unreachable.", "problem_id": "ads2_m2_a1_1", "user_id": "gvnaakhilsurya", "score": {"sample": {"0": {"execution_time": 0.335085391998291, "passed": true}, "1": {"execution_time": 0.21857357025146484, "passed": true}, "2": {"execution_time": 0.21145343780517578, "passed": true}, "3": {"execution_time": 0.18844199180603027, "passed": true}, "4": {"execution_time": 0.19986414909362793, "passed": true}, "5": {"execution_time": 0.19220471382141113, "passed": true}, "6": {"execution_time": 0.19219970703125, "passed": true}, "7": {"execution_time": 0.18132710456848145, "passed": true}, "8": {"execution_time": 0.1977367401123047, "passed": true}, "9": {"execution_time": 0.20373201370239258, "passed": true}, "10": {"execution_time": 0.20976877212524414, "passed": true}, "11": {"execution_time": 0.20100879669189453, "passed": true}, "12": {"execution_time": 0.22069740295410156, "passed": true}, "13": {"execution_time": 0.24324917793273926, "passed": true}, "14": {"execution_time": 0.19757413864135742, "passed": true}, "15": {"execution_time": 0.22984957695007324, "passed": true}, "16": {"execution_time": 0.25081825256347656, "passed": true}, "17": {"execution_time": 0.2662644386291504, "passed": true}, "18": {"execution_time": 0.2418973445892334, "passed": true}, "19": {"execution_time": 0.27301621437072754, "passed": true}, "20": {"execution_time": 0.29824328422546387, "passed": true}, "21": {"execution_time": 0.17722582817077637, "passed": true}, "22": {"execution_time": 0.4463987350463867, "passed": true}, "23": {"execution_time": 0.46375370025634766, "passed": true}}}, "check_style_score": "0/1"}