{"version": "1", "message": "ERROR: Hidden Testcases server unreachable.", "problem_id": "ads2_m2_a1_1", "user_id": "gvnaakhilsurya", "score": {"sample": {"0": {"execution_time": 0.19935297966003418, "passed": true}, "1": {"execution_time": 0.18871164321899414, "passed": true}, "2": {"execution_time": 0.17573165893554688, "passed": true}, "3": {"execution_time": 0.23061323165893555, "passed": true}, "4": {"execution_time": 0.19327187538146973, "passed": true}, "5": {"execution_time": 0.1742401123046875, "passed": true}, "6": {"execution_time": 0.19567108154296875, "passed": true}, "7": {"execution_time": 0.1771106719970703, "passed": true}, "8": {"execution_time": 0.19422388076782227, "passed": true}, "9": {"execution_time": 0.1801910400390625, "passed": true}, "10": {"execution_time": 0.19300413131713867, "passed": true}, "11": {"execution_time": 0.2047574520111084, "passed": true}, "12": {"execution_time": 0.20312809944152832, "passed": true}, "13": {"execution_time": 0.2590034008026123, "passed": true}, "14": {"execution_time": 0.2273554801940918, "passed": true}, "15": {"execution_time": 0.26802611351013184, "passed": true}, "16": {"execution_time": 0.2409365177154541, "passed": true}, "17": {"execution_time": 0.2576887607574463, "passed": true}, "18": {"execution_time": 0.2739427089691162, "passed": true}, "19": {"execution_time": 0.2432706356048584, "passed": true}, "20": {"execution_time": 0.2985520362854004, "passed": true}, "21": {"execution_time": 0.20192623138427734, "passed": true}, "22": {"execution_time": 0.5229637622833252, "passed": true}, "23": {"execution_time": 0.4312441349029541, "passed": true}}}, "check_style_score": "0/1"}