{"version": "1", "message": "ERROR: Hidden Testcases server unreachable.", "problem_id": "ads2_m6_a1_1", "user_id": "gvnaakhilsurya", "score": {"sample": {"0": {"execution_time": 0.34906864166259766, "passed": false}, "1": {"execution_time": 0.33891940116882324, "passed": false}, "2": {"execution_time": 0.3841395378112793, "passed": false}, "3": {"execution_time": 0.295241117477417, "passed": false}, "4": {"execution_time": 0.3777339458465576, "passed": false}, "5": {"execution_time": 0.44672417640686035, "passed": false}, "6": {"execution_time": 0.3809037208557129, "passed": true}, "7": {"execution_time": 0.4426760673522949, "passed": false}, "8": {"execution_time": 0.40543055534362793, "passed": false}, "9": {"execution_time": 0.3065948486328125, "passed": false}, "10": {"execution_time": 0.3261280059814453, "passed": true}, "11": {"execution_time": 0.40726757049560547, "passed": false}}}, "check_style_score": "0/1"}