{"version": "1", "message": "ERROR: Hidden Testcases server unreachable.", "problem_id": "ads2_m6_a1_1", "user_id": "gvnaakhilsurya", "score": {"sample": {"0": {"execution_time": 0.42672014236450195, "passed": false}, "1": {"execution_time": 0.24407005310058594, "passed": false}, "2": {"execution_time": 0.22010135650634766, "passed": false}, "3": {"execution_time": 0.38965916633605957, "passed": false}, "4": {"execution_time": 0.30124568939208984, "passed": false}, "5": {"execution_time": 0.29839277267456055, "passed": false}, "6": {"execution_time": 0.3092308044433594, "passed": false}, "7": {"execution_time": 0.26079297065734863, "passed": false}, "8": {"execution_time": 0.24947071075439453, "passed": false}, "9": {"execution_time": 0.26288914680480957, "passed": false}, "10": {"execution_time": 0.25005650520324707, "passed": false}, "11": {"execution_time": 0.24967288970947266, "passed": false}}}, "check_style_score": "0/1"}