{"version": "1", "message": "ERROR: Hidden Testcases server unreachable.", "problem_id": "ads2_m6_a1_1", "user_id": "gvnaakhilsurya", "score": {"sample": {"0": {"execution_time": 0.280956506729126, "passed": false}, "1": {"execution_time": 0.295377254486084, "passed": false}, "2": {"execution_time": 0.5504999160766602, "passed": false}, "3": {"execution_time": 0.38949036598205566, "passed": false}, "4": {"execution_time": 0.40968990325927734, "passed": false}, "5": {"execution_time": 0.2840697765350342, "passed": false}, "6": {"execution_time": 0.37973618507385254, "passed": true}, "7": {"execution_time": 0.3085610866546631, "passed": false}, "8": {"execution_time": 0.36376214027404785, "passed": false}, "9": {"execution_time": 0.29830384254455566, "passed": false}, "10": {"execution_time": 0.30097222328186035, "passed": true}, "11": {"execution_time": 0.30220603942871094, "passed": false}}}, "check_style_score": "0/1"}