{"version": "1", "message": "ERROR: Hidden Testcases server unreachable.", "problem_id": "ads2_m6_a1_1", "user_id": "gvnaakhilsurya", "score": {"sample": {"0": {"execution_time": 0.34718799591064453, "passed": false}, "1": {"execution_time": 0.42237210273742676, "passed": false}, "2": {"execution_time": 0.36251378059387207, "passed": false}, "3": {"execution_time": 0.32767248153686523, "passed": false}, "4": {"execution_time": 0.3570983409881592, "passed": false}, "5": {"execution_time": 0.3965113162994385, "passed": false}, "6": {"execution_time": 0.3397693634033203, "passed": true}, "7": {"execution_time": 0.3290693759918213, "passed": false}, "8": {"execution_time": 0.40804028511047363, "passed": false}, "9": {"execution_time": 0.37350940704345703, "passed": false}, "10": {"execution_time": 0.38166093826293945, "passed": true}, "11": {"execution_time": 0.3287081718444824, "passed": false}}}, "check_style_score": "0/1"}