{"version": "1", "message": "ERROR: Hidden Testcases server unreachable.", "problem_id": "ads2_m6_a1_1", "user_id": "gvnaakhilsurya", "score": {"sample": {"0": {"execution_time": 0.530900239944458, "passed": false}, "1": {"execution_time": 0.35857081413269043, "passed": false}, "2": {"execution_time": 0.4150223731994629, "passed": false}, "3": {"execution_time": 0.3652503490447998, "passed": false}, "4": {"execution_time": 0.27313828468322754, "passed": false}, "5": {"execution_time": 0.41320013999938965, "passed": false}, "6": {"execution_time": 0.3505685329437256, "passed": true}, "7": {"execution_time": 0.3698744773864746, "passed": false}, "8": {"execution_time": 0.33371400833129883, "passed": false}, "9": {"execution_time": 0.3584141731262207, "passed": false}, "10": {"execution_time": 0.3706488609313965, "passed": true}, "11": {"execution_time": 0.33548641204833984, "passed": false}}}, "check_style_score": "0/1"}