{"version": "1", "message": "ERROR: Hidden Testcases server unreachable.", "problem_id": "ads2_m6_a1_1", "user_id": "gvnaakhilsurya", "score": {"sample": {"0": {"execution_time": 0.32932162284851074, "passed": false}, "1": {"execution_time": 0.48332667350769043, "passed": false}, "2": {"execution_time": 0.35234904289245605, "passed": false}, "3": {"execution_time": 0.3138854503631592, "passed": false}, "4": {"execution_time": 0.300579309463501, "passed": false}, "5": {"execution_time": 0.3730449676513672, "passed": false}, "6": {"execution_time": 0.40180420875549316, "passed": true}, "7": {"execution_time": 0.37822890281677246, "passed": false}, "8": {"execution_time": 0.5047087669372559, "passed": false}, "9": {"execution_time": 0.3834364414215088, "passed": false}, "10": {"execution_time": 0.3478055000305176, "passed": true}, "11": {"execution_time": 0.38649511337280273, "passed": false}}}, "check_style_score": "0/1"}