{"version": "1", "message": "ERROR: Hidden Testcases server unreachable.", "problem_id": "ads2_m4_a1_1", "user_id": "gvnaakhilsurya", "score": {"sample": {"0": {"execution_time": 0.28699326515197754, "passed": true}, "1": {"execution_time": 0.26746082305908203, "passed": false}, "2": {"execution_time": 0.3551933765411377, "passed": false}, "3": {"execution_time": 0.33272290229797363, "passed": false}, "4": {"execution_time": 0.3639063835144043, "passed": false}, "5": {"execution_time": 0.28989362716674805, "passed": false}, "6": {"execution_time": 0.3047182559967041, "passed": false}, "7": {"execution_time": 0.25379037857055664, "passed": false}, "8": {"execution_time": 0.33246374130249023, "passed": true}, "9": {"execution_time": 0.3248586654663086, "passed": false}, "10": {"execution_time": 0.38376617431640625, "passed": false}, "11": {"execution_time": 0.33829641342163086, "passed": false}, "12": {"execution_time": 0.29973506927490234, "passed": false}, "13": {"execution_time": 0.8064723014831543, "passed": false}, "14": {"execution_time": 0.3668951988220215, "passed": false}}}, "check_style_score": "0/1"}