{"version": "1", "message": "ERROR: Hidden Testcases server unreachable.", "problem_id": "ads2_m4_a1_1", "user_id": "gvnaakhilsurya", "score": {"sample": {"0": {"execution_time": 0.30539560317993164, "passed": true}, "1": {"execution_time": 0.3074333667755127, "passed": false}, "2": {"execution_time": 0.32708287239074707, "passed": false}, "3": {"execution_time": 0.36910319328308105, "passed": false}, "4": {"execution_time": 0.37572693824768066, "passed": false}, "5": {"execution_time": 0.35846972465515137, "passed": false}, "6": {"execution_time": 0.2647988796234131, "passed": false}, "7": {"execution_time": 0.31392908096313477, "passed": false}, "8": {"execution_time": 0.26264119148254395, "passed": false}, "9": {"execution_time": 0.3782641887664795, "passed": false}, "10": {"execution_time": 0.2942848205566406, "passed": false}, "11": {"execution_time": 0.4040184020996094, "passed": false}, "12": {"execution_time": 0.33699846267700195, "passed": false}, "13": {"execution_time": 0.8252384662628174, "passed": false}, "14": {"execution_time": 0.3823385238647461, "passed": false}}}, "check_style_score": "0/1"}