{"version": "1", "message": "ERROR: Hidden Testcases server unreachable.", "problem_id": "ads2_m4_a1_1", "user_id": "gvnaakhilsurya", "score": {"sample": {"0": {"execution_time": 0.2845485210418701, "passed": true}, "1": {"execution_time": 0.29133129119873047, "passed": true}, "2": {"execution_time": 0.28800487518310547, "passed": true}, "3": {"execution_time": 0.3412055969238281, "passed": true}, "4": {"execution_time": 0.25104308128356934, "passed": true}, "5": {"execution_time": 0.24320673942565918, "passed": true}, "6": {"execution_time": 0.25033998489379883, "passed": true}, "7": {"execution_time": 0.2461867332458496, "passed": true}, "8": {"execution_time": 0.26664137840270996, "passed": true}, "9": {"execution_time": 0.20228075981140137, "passed": true}, "10": {"execution_time": 0.23847699165344238, "passed": true}, "11": {"execution_time": 0.24330973625183105, "passed": true}, "12": {"execution_time": 0.24951934814453125, "passed": true}, "13": {"execution_time": 1.4514639377593994, "passed": true}, "14": {"execution_time": 0.23787808418273926, "passed": true}}}, "check_style_score": "1/1"}