{"version": "1", "message": "ERROR: Hidden Testcases server unreachable.", "problem_id": "ads2_m4_a1_1", "user_id": "gvnaakhilsurya", "score": {"sample": {"0": {"execution_time": 0.2811276912689209, "passed": false}, "1": {"execution_time": 0.3542020320892334, "passed": false}, "2": {"execution_time": 0.3671844005584717, "passed": false}, "3": {"execution_time": 0.36320948600769043, "passed": false}, "4": {"execution_time": 0.25743722915649414, "passed": false}, "5": {"execution_time": 0.2365710735321045, "passed": false}, "6": {"execution_time": 0.2947733402252197, "passed": false}, "7": {"execution_time": 0.31120991706848145, "passed": false}, "8": {"execution_time": 0.3223884105682373, "passed": false}, "9": {"execution_time": 0.2784090042114258, "passed": false}, "10": {"execution_time": 0.39450740814208984, "passed": false}, "11": {"execution_time": 0.2824528217315674, "passed": false}, "12": {"execution_time": 0.30766916275024414, "passed": false}, "13": {"execution_time": 0.8770337104797363, "passed": false}, "14": {"execution_time": 0.33481431007385254, "passed": false}}}, "check_style_score": "0/1"}