{"version": "1", "message": "ERROR: Hidden Testcases server unreachable.", "problem_id": "ads2_m4_a1_1", "user_id": "gvnaakhilsurya", "score": {"sample": {"0": {"execution_time": 0.3321375846862793, "passed": false}, "1": {"execution_time": 0.32425975799560547, "passed": false}, "2": {"execution_time": 0.37885451316833496, "passed": false}, "3": {"execution_time": 0.4325103759765625, "passed": false}, "4": {"execution_time": 0.3109292984008789, "passed": false}, "5": {"execution_time": 0.2613179683685303, "passed": false}, "6": {"execution_time": 0.31716227531433105, "passed": false}, "7": {"execution_time": 0.2617371082305908, "passed": false}, "8": {"execution_time": 0.32787585258483887, "passed": false}, "9": {"execution_time": 0.29798054695129395, "passed": false}, "10": {"execution_time": 0.41134214401245117, "passed": false}, "11": {"execution_time": 0.29746055603027344, "passed": false}, "12": {"execution_time": 0.28509950637817383, "passed": false}, "13": {"execution_time": 0.8070693016052246, "passed": false}, "14": {"execution_time": 0.32990527153015137, "passed": false}}}, "check_style_score": "0/1"}