{"version": "1", "message": "ERROR: Hidden Testcases server unreachable.", "problem_id": "ads2_m4_a1_1", "user_id": "gvnaakhilsurya", "score": {"sample": {"0": {"execution_time": 0.32209014892578125, "passed": true}, "1": {"execution_time": 0.2852609157562256, "passed": false}, "2": {"execution_time": 0.334139347076416, "passed": false}, "3": {"execution_time": 0.39260005950927734, "passed": false}, "4": {"execution_time": 0.3458709716796875, "passed": false}, "5": {"execution_time": 0.33395957946777344, "passed": false}, "6": {"execution_time": 0.2879316806793213, "passed": false}, "7": {"execution_time": 0.29150819778442383, "passed": false}, "8": {"execution_time": 0.372394323348999, "passed": false}, "9": {"execution_time": 0.401792049407959, "passed": false}, "10": {"execution_time": 0.3291149139404297, "passed": false}, "11": {"execution_time": 0.33632659912109375, "passed": false}, "12": {"execution_time": 0.2978544235229492, "passed": false}, "13": {"execution_time": 0.8235089778900146, "passed": false}, "14": {"execution_time": 0.332172155380249, "passed": false}}}, "check_style_score": "0/1"}