{"version": "1", "message": "ERROR: Hidden Testcases server unreachable.", "problem_id": "ads2_m4_a1_1", "user_id": "gvnaakhilsurya", "score": {"sample": {"0": {"execution_time": 0.5328423976898193, "passed": false}, "1": {"execution_time": 0.35120058059692383, "passed": false}, "2": {"execution_time": 0.3291130065917969, "passed": false}, "3": {"execution_time": 0.491504430770874, "passed": false}, "4": {"execution_time": 0.28229331970214844, "passed": false}, "5": {"execution_time": 0.2874321937561035, "passed": false}, "6": {"execution_time": 0.3262050151824951, "passed": false}, "7": {"execution_time": 0.2963407039642334, "passed": false}, "8": {"execution_time": 0.30715394020080566, "passed": false}, "9": {"execution_time": 0.2653462886810303, "passed": false}, "10": {"execution_time": 0.28931188583374023, "passed": false}, "11": {"execution_time": 0.335263729095459, "passed": false}, "12": {"execution_time": 0.3075220584869385, "passed": false}, "13": {"execution_time": 1.0280721187591553, "passed": false}, "14": {"execution_time": 0.34644556045532227, "passed": false}}}, "check_style_score": "0/1"}