{"version": "1", "message": "ERROR: Hidden Testcases server unreachable.", "problem_id": "ads2_m4_a1_1", "user_id": "gvnaakhilsurya", "score": {"sample": {"0": {"execution_time": 0.24885940551757812, "passed": false}, "1": {"execution_time": 0.30368614196777344, "passed": false}, "2": {"execution_time": 0.3303661346435547, "passed": false}, "3": {"execution_time": 0.38724756240844727, "passed": false}, "4": {"execution_time": 0.3402085304260254, "passed": false}, "5": {"execution_time": 0.2700464725494385, "passed": false}, "6": {"execution_time": 0.26282477378845215, "passed": false}, "7": {"execution_time": 0.2776038646697998, "passed": false}, "8": {"execution_time": 0.40215134620666504, "passed": false}, "9": {"execution_time": 0.4769775867462158, "passed": false}, "10": {"execution_time": 0.3305668830871582, "passed": false}, "11": {"execution_time": 0.21283841133117676, "passed": false}, "12": {"execution_time": 0.31760311126708984, "passed": false}, "13": {"execution_time": 0.814044713973999, "passed": false}, "14": {"execution_time": 0.30820798873901367, "passed": false}}}, "check_style_score": "0/1"}