{"version": "1", "message": "ERROR: Hidden Testcases server unreachable.", "problem_id": "ads2_m16_a1_1", "user_id": "gvnaakhilsurya", "score": {"sample": {"0": {"execution_time": 0.2878532409667969, "passed": false}, "1": {"execution_time": 0.2605926990509033, "passed": false}, "2": {"execution_time": 0.639805793762207, "passed": false}, "3": {"execution_time": 0.6319854259490967, "passed": false}, "4": {"execution_time": 0.6020503044128418, "passed": false}, "5": {"execution_time": 0.6769392490386963, "passed": false}, "6": {"execution_time": 0.6007084846496582, "passed": false}, "7": {"execution_time": 0.6189823150634766, "passed": false}, "8": {"execution_time": 0.3294506072998047, "passed": false}, "9": {"execution_time": 0.8726668357849121, "passed": false}, "10": {"execution_time": 0.7260606288909912, "passed": false}, "11": {"execution_time": 0.27127528190612793, "passed": false}, "12": {"execution_time": 0.736032247543335, "passed": false}, "13": {"execution_time": 0.2401578426361084, "passed": true}, "14": {"execution_time": 0.705115556716919, "passed": false}, "15": {"execution_time": 0.584601640701294, "passed": false}, "16": {"execution_time": 0.36319732666015625, "passed": false}, "17": {"execution_time": 0.33016419410705566, "passed": false}, "18": {"execution_time": 0.3058047294616699, "passed": false}, "19": {"execution_time": 0.2995266914367676, "passed": false}, "20": {"execution_time": 0.34153294563293457, "passed": false}, "21": {"execution_time": 0.2974853515625, "passed": false}, "22": {"execution_time": 0.3153383731842041, "passed": false}, "23": {"execution_time": 0.317457914352417, "passed": false}, "24": {"execution_time": 0.21310973167419434, "passed": true}, "25": {"execution_time": 0.6241073608398438, "passed": false}, "26": {"execution_time": 0.611365795135498, "passed": false}, "27": {"execution_time": 0.6250288486480713, "passed": false}, "28": {"execution_time": 1.083252191543579, "passed": false}, "29": {"execution_time": 0.24045729637145996, "passed": false}}}, "check_style_score": "1/1"}