{"version": "1", "message": "ERROR: Hidden Testcases server unreachable.", "problem_id": "ads2_m16_a1_1", "user_id": "gvnaakhilsurya", "score": {"sample": {"0": {"execution_time": 0.4457378387451172, "passed": false}, "1": {"execution_time": 0.28476643562316895, "passed": false}, "2": {"execution_time": 0.6206793785095215, "passed": false}, "3": {"execution_time": 0.6978681087493896, "passed": false}, "4": {"execution_time": 0.6474978923797607, "passed": false}, "5": {"execution_time": 0.6241850852966309, "passed": false}, "6": {"execution_time": 0.6524591445922852, "passed": false}, "7": {"execution_time": 0.6260080337524414, "passed": false}, "8": {"execution_time": 0.35446596145629883, "passed": false}, "9": {"execution_time": 0.6124019622802734, "passed": false}, "10": {"execution_time": 0.6343355178833008, "passed": false}, "11": {"execution_time": 0.2343738079071045, "passed": false}, "12": {"execution_time": 0.6183459758758545, "passed": false}, "13": {"execution_time": 0.2450094223022461, "passed": true}, "14": {"execution_time": 0.6550748348236084, "passed": false}, "15": {"execution_time": 0.6286418437957764, "passed": false}, "16": {"execution_time": 0.3196232318878174, "passed": false}, "17": {"execution_time": 0.3292236328125, "passed": false}, "18": {"execution_time": 0.29648447036743164, "passed": false}, "19": {"execution_time": 0.31929993629455566, "passed": false}, "20": {"execution_time": 0.29656052589416504, "passed": false}, "21": {"execution_time": 0.31914806365966797, "passed": false}, "22": {"execution_time": 0.3362586498260498, "passed": false}, "23": {"execution_time": 0.29675817489624023, "passed": false}, "24": {"execution_time": 0.20882201194763184, "passed": true}, "25": {"execution_time": 0.6068596839904785, "passed": false}, "26": {"execution_time": 0.5433933734893799, "passed": false}, "27": {"execution_time": 0.6141688823699951, "passed": false}, "28": {"execution_time": 1.0520360469818115, "passed": false}, "29": {"execution_time": 0.37233948707580566, "passed": false}}}, "check_style_score": "1/1"}