{"version": "1", "message": "ERROR: Hidden Testcases server unreachable.", "problem_id": "ads2_m16_a1_1", "user_id": "gvnaakhilsurya", "score": {"sample": {"0": {"execution_time": 0.29015398025512695, "passed": false}, "1": {"execution_time": 0.2812478542327881, "passed": false}, "2": {"execution_time": 0.7071094512939453, "passed": false}, "3": {"execution_time": 0.7001280784606934, "passed": false}, "4": {"execution_time": 0.5964069366455078, "passed": false}, "5": {"execution_time": 0.7022571563720703, "passed": false}, "6": {"execution_time": 0.6364288330078125, "passed": false}, "7": {"execution_time": 0.6053228378295898, "passed": false}, "8": {"execution_time": 0.3322162628173828, "passed": false}, "9": {"execution_time": 0.6323468685150146, "passed": false}, "10": {"execution_time": 0.6255888938903809, "passed": false}, "11": {"execution_time": 0.24666357040405273, "passed": false}, "12": {"execution_time": 0.6090903282165527, "passed": false}, "13": {"execution_time": 0.2344827651977539, "passed": true}, "14": {"execution_time": 0.6061646938323975, "passed": false}, "15": {"execution_time": 0.7898886203765869, "passed": false}, "16": {"execution_time": 0.33548593521118164, "passed": false}, "17": {"execution_time": 0.33211278915405273, "passed": false}, "18": {"execution_time": 0.3403964042663574, "passed": false}, "19": {"execution_time": 0.3202517032623291, "passed": false}, "20": {"execution_time": 0.4376397132873535, "passed": false}, "21": {"execution_time": 0.323375940322876, "passed": false}, "22": {"execution_time": 0.3047971725463867, "passed": false}, "23": {"execution_time": 0.2955515384674072, "passed": false}, "24": {"execution_time": 0.21198177337646484, "passed": true}, "25": {"execution_time": 0.6129777431488037, "passed": false}, "26": {"execution_time": 0.5287995338439941, "passed": false}, "27": {"execution_time": 0.6273632049560547, "passed": false}, "28": {"execution_time": 1.0558674335479736, "passed": false}, "29": {"execution_time": 0.24660587310791016, "passed": false}}}, "check_style_score": "1/1"}