{"version": "1", "message": "ERROR: Hidden Testcases server unreachable.", "problem_id": "ads2_m16_a1_1", "user_id": "gvnaakhilsurya", "score": {"sample": {"0": {"execution_time": 0.24964690208435059, "passed": false}, "1": {"execution_time": 0.27355051040649414, "passed": false}, "2": {"execution_time": 0.6030001640319824, "passed": false}, "3": {"execution_time": 0.6117992401123047, "passed": false}, "4": {"execution_time": 0.6231160163879395, "passed": false}, "5": {"execution_time": 0.6189100742340088, "passed": false}, "6": {"execution_time": 0.6247282028198242, "passed": false}, "7": {"execution_time": 0.5962264537811279, "passed": false}, "8": {"execution_time": 0.3512434959411621, "passed": false}, "9": {"execution_time": 0.8527204990386963, "passed": false}, "10": {"execution_time": 0.6283738613128662, "passed": false}, "11": {"execution_time": 0.2083148956298828, "passed": false}, "12": {"execution_time": 0.6120526790618896, "passed": false}, "13": {"execution_time": 0.2622249126434326, "passed": true}, "14": {"execution_time": 0.592818021774292, "passed": false}, "15": {"execution_time": 0.6136195659637451, "passed": false}, "16": {"execution_time": 0.32148313522338867, "passed": false}, "17": {"execution_time": 0.3009378910064697, "passed": false}, "18": {"execution_time": 0.3192563056945801, "passed": false}, "19": {"execution_time": 0.30423402786254883, "passed": false}, "20": {"execution_time": 0.29403185844421387, "passed": false}, "21": {"execution_time": 0.3050973415374756, "passed": false}, "22": {"execution_time": 0.30019688606262207, "passed": false}, "23": {"execution_time": 0.3523435592651367, "passed": false}, "24": {"execution_time": 0.21868300437927246, "passed": true}, "25": {"execution_time": 0.6201627254486084, "passed": false}, "26": {"execution_time": 0.531696081161499, "passed": false}, "27": {"execution_time": 0.6528239250183105, "passed": false}, "28": {"execution_time": 1.0497384071350098, "passed": false}, "29": {"execution_time": 0.23883867263793945, "passed": false}}}, "check_style_score": "1/1"}