{"version": "1", "message": "ERROR: Hidden Testcases server unreachable.", "problem_id": "ads2_m16_a1_1", "user_id": "gvnaakhilsurya", "score": {"sample": {"0": {"execution_time": 0.26218605041503906, "passed": false}, "1": {"execution_time": 0.24502110481262207, "passed": false}, "2": {"execution_time": 0.6140384674072266, "passed": false}, "3": {"execution_time": 0.6358969211578369, "passed": false}, "4": {"execution_time": 0.6264264583587646, "passed": false}, "5": {"execution_time": 0.6072051525115967, "passed": false}, "6": {"execution_time": 0.6213395595550537, "passed": false}, "7": {"execution_time": 0.6213328838348389, "passed": false}, "8": {"execution_time": 0.31685853004455566, "passed": false}, "9": {"execution_time": 0.6100583076477051, "passed": false}, "10": {"execution_time": 0.6104726791381836, "passed": false}, "11": {"execution_time": 0.21587371826171875, "passed": false}, "12": {"execution_time": 0.6347653865814209, "passed": false}, "13": {"execution_time": 0.3670186996459961, "passed": true}, "14": {"execution_time": 0.6536655426025391, "passed": false}, "15": {"execution_time": 0.603151798248291, "passed": false}, "16": {"execution_time": 0.31812548637390137, "passed": false}, "17": {"execution_time": 0.3489549160003662, "passed": false}, "18": {"execution_time": 0.32383251190185547, "passed": false}, "19": {"execution_time": 0.40052294731140137, "passed": false}, "20": {"execution_time": 0.3593173027038574, "passed": false}, "21": {"execution_time": 0.3113574981689453, "passed": false}, "22": {"execution_time": 0.32886362075805664, "passed": false}, "23": {"execution_time": 0.3328876495361328, "passed": false}, "24": {"execution_time": 0.23456645011901855, "passed": true}, "25": {"execution_time": 0.6680927276611328, "passed": false}, "26": {"execution_time": 0.5240044593811035, "passed": false}, "27": {"execution_time": 0.6380007266998291, "passed": false}, "28": {"execution_time": 1.3035709857940674, "passed": false}, "29": {"execution_time": 0.25364255905151367, "passed": false}}}, "check_style_score": "1/1"}